{
    "0": {
        "precision": 0.8489932885906041,
        "recall": 0.7784615384615384,
        "f1-score": 0.812199036918138,
        "support": 975.0
    },
    "1": {
        "precision": 0.7954545454545454,
        "recall": 0.8615384615384616,
        "f1-score": 0.827178729689808,
        "support": 975.0
    },
    "accuracy": 0.82,
    "macro avg": {
        "precision": 0.8222239170225747,
        "recall": 0.8200000000000001,
        "f1-score": 0.819688883303973,
        "support": 1950.0
    },
    "weighted avg": {
        "precision": 0.8222239170225747,
        "recall": 0.82,
        "f1-score": 0.819688883303973,
        "support": 1950.0
    }
}